,Round 1,Round 2,Round 3,Final
1,1.3735744953155518,1.503994107246399,1.0388485193252563,1.3200898220597899
2,2.638042688369751,2.369044065475464,2.369044065475464,2.461978120264958
4,2.483311176300049,2.5207138061523438,2.260908603668213,2.424358348443612
6,3.4103124141693115,3.320277452468872,3.039440631866455,3.260504688860875
8,3.3926987648010254,2.8551583290100098,2.733090877532959,3.0073310280740913
16,2.7158751487731934,3.1131184101104736,3.1131184101104736,2.986580558345466
32,3.714247703552246,3.283252477645874,3.941894054412842,3.6566793484219264
64,3.9836509227752686,4.21942663192749,3.7887401580810547,4.0011493249733165
128,3.2945916652679443,3.908723831176758,3.330806016921997,3.522628041279498
