,Round 1,Round 2,Round 3,Final
1,2.056464672088623,1.938681960105896,2.213372230529785,2.0725629319652357
2,3.0200483798980713,2.8344297409057617,2.8989369869232178,2.918819386167835
4,3.7601590156555176,3.698568344116211,3.810953378677368,3.756841282849483
6,3.5632917881011963,3.3687808513641357,3.3602981567382812,3.432071118816634
8,4.567529201507568,4.472907543182373,4.596724033355713,4.546027450251195
16,5.787837982177734,5.943122863769531,5.963912487030029,5.898814288616317
32,5.349503040313721,5.800142288208008,5.495406150817871,5.551525979531258
64,4.855507850646973,4.8196187019348145,4.738166332244873,4.80468178314142
128,4.950389862060547,5.213188171386719,5.71688985824585,5.3030343624505045
