,masked_reconstructed_wheel_compared_to_original_wheel,masked_reconstructed_bulldozer_compared_to_reconstructed_wheel,masked_reconstructed_bulldozer_compared_to_original_wheel,masked_reconstructed_bulldozer_compared_to_original_bulldozer
hd1,2.5768045873054897,4.382423184148588,2.263608333428753,2.8296573550147697
hd2,2.5807692327306753,2.6410713361614824,2.5715388103905448,3.4606919761634205
hd4,3.8623785119433505,3.788198204416928,2.229795837296846,3.1746102506054146
hd6,3.399715579700588,3.4686816419876627,2.2635848021213314,2.829705497777886
hd8,3.5235442629757734,4.139577724830342,2.592463445599462,2.9513227675407414
hd16,3.6687652285552192,4.070071074176275,2.546264587303981,3.353464929923426
hd32,3.09442034990071,3.4261349936881276,2.4664969884729895,2.418324787839233
hd64,3.556849716095614,3.83292041695947,2.56414676589953,2.644251486696568
hd128,3.5159833550412207,3.1464986625919087,2.5606686727347308,2.9575673388939645
