,Whole reconstructed wheel compared to original wheel,Whole reconstructed bulldozer compared to original bulldozer
1,12.310065269470215,8.797379811604818
2,13.723902066548666,16.069177627563477
4,18.267311731974285,17.903057098388672
6,15.254915873209635,18.50636927286784
8,18.245588938395183,19.711628595987957
16,17.37905756632485,19.413747151692707
32,17.51389503479004,19.750565846761067
64,17.894488016764324,19.16948699951172
128,16.121789932250977,19.676629384358723
